onset	duration	trial_type	value	sample
164.794	4.0	5.45	2	164794
175.377	4.0	5.45	2	175377
185.877	4.0	5.45	2	185877
196.36	4.0	5.45	2	196360
206.86	4.0	5.45	2	206860
217.36	4.0	12.0	1	217360
227.86	4.0	6.67	3	227860
238.443	4.0	6.67	3	238443
248.943	4.0	6.67	3	248943
259.426	4.0	5.45	2	259426
269.926	4.0	5.45	2	269926
280.425	4.0	12.0	1	280425
291.009	4.0	12.0	1	291009
301.509	4.0	12.0	1	301509
311.992	4.0	6.67	3	311992
322.491	4.0	12.0	1	322491
332.991	4.0	8.57	4	332991
343.491	4.0	6.67	3	343491
354.074	4.0	6.67	3	354074
364.574	4.0	12.0	1	364574
375.057	4.0	12.0	1	375057
385.557	4.0	6.67	3	385557
396.057	4.0	5.45	2	396057
406.556	4.0	5.45	2	406556
417.139	4.0	6.67	3	417139
427.723	4.0	8.57	4	427723
438.223	4.0	8.57	4	438223
448.723	4.0	12.0	1	448723
459.306	4.0	8.57	4	459306
469.805	4.0	12.0	1	469805
480.389	4.0	8.57	4	480389
490.888	4.0	12.0	1	490888
501.372	4.0	12.0	1	501372
511.871	4.0	8.57	4	511871
522.371	4.0	8.57	4	522371
532.871	4.0	12.0	1	532871
543.454	4.0	5.45	2	543454
553.954	4.0	8.57	4	553954
564.537	4.0	8.57	4	564537
575.037	4.0	6.67	3	575037
585.62	4.0	6.67	3	585620
596.12	4.0	8.57	4	596120
606.603	4.0	12.0	1	606603
617.103	4.0	6.67	3	617103
627.602	4.0	6.67	3	627602
638.102	4.0	12.0	1	638102
648.685	4.0	6.67	3	648685
659.185	4.0	6.67	3	659185
669.668	4.0	6.67	3	669668
691.401	4.0	5.45	2	691401
701.901	4.0	6.67	3	701901
712.401	4.0	12.0	1	712401
722.884	4.0	8.57	4	722884
733.383	4.0	8.57	4	733383
743.884	4.0	5.45	2	743884
754.383	4.0	12.0	1	754383
764.967	4.0	12.0	1	764967
775.466	4.0	12.0	1	775466
785.949	4.0	8.57	4	785949
796.449	4.0	5.45	2	796449
806.949	4.0	5.45	2	806949
817.449	4.0	6.67	3	817449
828.032	4.0	12.0	1	828032
838.615	4.0	6.67	3	838615
849.115	4.0	5.45	2	849115
859.615	4.0	12.0	1	859615
870.198	4.0	5.45	2	870198
880.698	4.0	5.45	2	880698
891.281	4.0	6.67	3	891281
901.781	4.0	6.67	3	901781
912.264	4.0	8.57	4	912264
922.764	4.0	6.67	3	922764
933.263	4.0	5.45	2	933263
943.763	4.0	8.57	4	943763
954.346	4.0	12.0	1	954346
964.846	4.0	6.67	3	964846
975.329	4.0	12.0	1	975329
985.829	4.0	8.57	4	985829
996.329	4.0	8.57	4	996329
1006.912	4.0	6.67	3	1006912
1017.412	4.0	8.57	4	1017412
1027.895	4.0	5.45	2	1027895
1038.395	4.0	5.45	2	1038395
1048.895	4.0	5.45	2	1048895
1059.394	4.0	12.0	1	1059394
1069.977	4.0	12.0	1	1069977
1080.477	4.0	8.57	4	1080477
1090.959	4.0	8.57	4	1090959
1101.46	4.0	8.57	4	1101460
1111.96	4.0	8.57	4	1111960
1122.46	4.0	12.0	1	1122460
1133.043	4.0	5.45	2	1133043
1143.543	4.0	6.67	3	1143543
1154.026	4.0	8.57	4	1154026
1164.526	4.0	6.67	3	1164526
1175.026	4.0	8.57	4	1175026
1185.526	4.0	5.45	2	1185526
1196.109	4.0	5.45	2	1196109
1206.608	4.0	8.57	4	1206608
1217.091	4.0	5.45	2	1217091
